Year,China,India,Singapore
2008,93.111763,69.615868,84.988457
2009,93.087358,69.317485,84.869865
