Year,China,India,Singapore
2008,93.02002327,70.33333298,81.59999847
2009,93.02814072,70.26666446,82.39999389
