Year,China,India,Singapore
2008,93.303085,70.433853,84.988457
2009,93.609116,70.409195,84.869865
