model,auc_train,auc_valid,acc_train,acc_valid,matthew_corr_train,matthew_corr_valid,f1_score_train,f1_score_valid
LightGBM,0.999913652,0.87995566,0.999913652,0.952017795,0.999827303,0.712437881,0.999913652,0.736474695
RandomForest,0.999956826,0.88009985,0.999956826,0.949157928,0.999913655,0.701633163,0.999956828,0.726027397
DecisionTree,0.999956826,0.837990934,0.999956826,0.915792819,0.999913655,0.567576926,0.999956824,0.599092284
XGBoost,0.85994301,0.822251307,0.85994301,0.855735621,0.720114956,0.455245311,0.858154788,0.47816092
TensorflowANN,0.628786788,0.627483539,0.573266557,0.71337782,0.156430683,0.075875061,0.482729747,0.181488203
NaiveBayesClassifier,0.513124946,0.515064344,0.513124946,0.902446775,0.070285472,0.058060386,0.091955874,0.078078078
LRegression,0.5,0.5,0.5,0.084524944,0,0,0.666666667,0.155874597
